-1.8509857540966301,-2.0414792903513552,1.0
-1.8056934385697923,-1.5430910430775924,1.0
-2.0702460124170008,-2.0702410870847543,1.0
-1.5262361553477826,-1.7697695812541274,1.0
-2.1408423157804854,-1.8372319869242106,1.0
-2.1390253078437387,-2.1397189260710769,1.0
-1.9274113185301898,-2.5739840733973391,1.0
-2.51747534975391,-2.1686862587722917,1.0
-2.3038493361003272,-1.9057258002214179,1.0
-2.2724072226563634,-2.4236911104005876,1.0
-1.5603053693235338,-2.0677328901459608,1.0
-1.9797415385936228,-2.427424455864037,1.0
-2.1633148173575547,-1.9667232230870402,1.0
-2.345298073226691,-1.8872905944962983,1.0
-2.1801916069756415,-2.0875081249379832,1.0
-2.1805119836688189,-1.4443165446473187,1.0
-2.0040491674213801,-2.3173132786867701,1.0
-1.7532365263690433,-2.3662530949913068,1.0
-1.9373409214985733,-2.5879010371639328,1.0
-2.398455814669529,-1.9409416292392629,1.0
-1.778460026001377,-1.9485895156430089,1.0
-2.0346944847164723,-2.0903311086767866,1.0
-2.443556597110228,-2.2159532625184126,1.0
-2.1381916312879361,-1.6828633321343254,1.0
-1.8969145131294616,-2.52891204660882,1.0
-1.9027748091815615,-2.1155246841248951,1.0
-2.2030766000917876,-1.8164971133477397,1.0
-1.6907001432512148,-1.7206159642651404,1.0
-2.2517652569667916,-2.0927637127553642,1.0
-1.9006209705789308,-1.7073364618632922,1.0
-2.1437522713535868,-2.0556976929991451,1.0
-2.3319004922018083,-2.3588619872242012,1.0
-1.7562422532817406,-1.5931279914287531,1.0
-2.0216030364741,-1.6989401306323928,1.0
-1.8915091924857097,-2.1935359263815375,1.0
-1.8915813183474759,-1.5385890300602092,1.0
-2.0107478117329856,-1.5306069032557983,1.0
-2.7859235312269233,-1.7534292486874328,1.0
-1.9738858795285485,-2.0897022051397602,1.0
-1.9724717670393492,-2.5962706743802677,1.0
-2.0659015663512537,-1.8928662285464761,1.0
-1.5566317865775452,-2.1554810654820944,1.0
-2.2425480808679561,-2.1505271130753609,1.0
-1.7253793646893778,-1.9013746671020946,1.0
-2.1589280611301116,-1.8460197700659933,1.0
-1.9708767351955878,-1.7094065028401333,1.0
-2.2106159281632056,-2.0982986439793305,1.0
-2.1176324459396474,-2.4390544844396356,1.0
-1.9111639168806271,-1.9216834183460332,1.0
-1.9984659630072616,-2.0703761400125442,1.0
-2.4246112226151242,-2.1261935968296077,1.0
-2.1028143549580309,-2.2406831807664855,1.0
-2.0483857134998029,-1.8787847429556386,1.0
-1.434144229636841,-1.9476266561504483,1.0
-1.9227348827831707,-2.0223337747298502,1.0
-2.5756313645897126,-2.007954162634765,1.0
-1.9819309370176921,-1.2610273662544143,1.0
-2.0577082894343368,-1.9095357972999163,1.0
-2.0104135309115732,-2.3506034112858596,1.0
-1.6571531556454939,-1.7744200901939677,1.0
-1.762690415887086,-2.2728162364384215,1.0
-1.5791617067191703,-2.4205553188376845,1.0
-1.8239428718599189,-1.3428633122570064,1.0
-2.2971608975392064,-2.1698893188808315,1.0
-1.9701045904737076,-2.1510426962348599,1.0
-2.46519902931984,-1.9794311075581918,1.0
-2.3186911141178315,-1.8579222708094456,1.0
-2.275827270270141,-1.5350196784947383,1.0
-2.2349759877008712,-2.0966184548617028,1.0
-1.7559448347890991,-2.3692592949301865,1.0
-1.9317620196187613,-1.6078571737152716,1.0
-2.4822449703683684,-1.9446098424403087,1.0
-1.922035161725473,-1.7654531384668068,1.0
-2.3710852132634246,-2.3961369839252828,1.0
-1.8434175303149307,-1.9109045980300441,1.0
-1.924852144896237,-1.8960655371509072,1.0
-2.204007416473547,-1.9303238908516989,1.0
-1.9120782580103957,-2.2143054254079102,1.0
-1.4402676466565731,-1.8578501237264637,1.0
-2.3573910491607943,-1.8030339174098511,1.0
-2.2924045010681966,-1.7638746188772645,1.0
-1.6524213262977787,-2.2462046955055133,1.0
-1.7109871612267034,-1.8761657219190506,1.0
-1.7533819520016529,-1.4309621052038159,1.0
-2.073616434800861,-2.2261208493072466,1.0
-2.266854328887657,-2.2447430854896315,1.0
-2.0231305128242312,-1.8976544075550068,1.0
-1.9169927602009942,-1.7518450252891928,1.0
-1.9960994324366279,-1.5639397768528049,1.0
-2.0793970499713867,-1.1839492500231144,1.0
-1.8122997956704983,-2.2571472669248847,1.0
-2.3212677494183338,-1.8552582754270444,1.0
-2.0670388355977551,-1.7857998517723723,1.0
-1.8580287126279367,-2.021848673797062,1.0
-2.2540381154205216,-2.4544541674057596,1.0
-2.1339544856201065,-1.7430803617029582,1.0
-1.9357718767609389,-2.3737216336135964,1.0
-1.9480457222446455,-1.8844047860813489,1.0
-2.26515723086034,-1.9538824682163416,1.0
-1.9825373844662,-2.342891089349187,1.0
-1.8926637918955149,-1.8317646420895297,1.0
-1.6750846270474169,-1.6838593843895291,1.0
-2.4133008103871272,-2.2813475119745368,1.0
-1.8454894198374021,-1.8458642147263373,1.0
-1.8454856941081856,-0.84418055280358373,1.0
-1.8287328467920498,-1.6593303079458204,1.0
-1.7137994709520394,-1.8045826246082606,1.0
-2.0945807733921038,-1.7723092338520199,1.0
-2.2318475643612716,-2.0710455820220028,1.0
-2.1456090643487311,-1.9754377581841032,1.0
-1.3056024299979474,-2.5601795577775244,1.0
-1.794121942887646,-2.4838147613568955,1.0
-2.1415795597368299,-1.6733148209097901,1.0
-1.9807159942713612,-2.3233234333787918,1.0
-2.2145911127779905,-1.7961206753195973,1.0
-2.2191099895151409,-1.9350624231254074,1.0
-1.9863284480288559,-2.1954801042817449,1.0
-1.3568167732024023,-1.8098242933045967,1.0
-2.607542775997282,-1.9440637055691716,1.0
-2.1985359394305162,-1.7442699995611328,1.0
-2.2377562215298101,-2.0344209324400695,1.0
-1.8485038163058629,-1.7402734417489636,1.0
-2.3600889221167329,-2.1003503707522846,1.0
-2.1424835933482869,-2.1959987697721135,1.0
-1.4703637279156709,-1.8785054867117132,1.0
-2.3782651863005135,-1.7246414158835672,1.0
-1.3633531408962101,-1.690260421834656,1.0
-2.4558109897862042,-2.1452702218598754,1.0
-1.6199266552440132,-2.2123008396856343,1.0
-1.8668541715561315,-1.7676097839711991,1.0
-2.2780791414734249,-2.0178576068185401,1.0
-2.9723802020207217,-2.3073162924002868,1.0
-2.0757704454179482,-2.3743349545894548,1.0
-1.5102766088205095,-2.4290424133881898,1.0
-2.1320133460090953,-1.9607778268141727,1.0
-1.5676180132801654,-2.4307586453538317,1.0
-1.6510508743535122,-1.9969300816941238,1.0
-2.2944525953143851,-1.8613689577210188,1.0
-1.940282091327959,-2.1800650631476386,1.0
-1.9790593745029943,-2.1155940790585279,1.0
-1.9659447964246255,-1.8013607976436861,1.0
-1.5241949551563945,-2.3713446496480546,1.0
-1.3600899876031201,-2.5856263398567503,1.0
-2.0455355285106749,-1.823504838054627,1.0
-1.9157024396794902,-2.1868098559461782,1.0
-2.0624366751071825,-2.1479002803976499,1.0
-2.1768094270832634,-1.7451193708936925,1.0
-1.8928953542104858,-2.207872878578196,1.0
-1.7301200373700247,-1.9078101437370172,1.0
-1.7561413643483119,-1.8111113474229164,1.0
-2.2486985032766218,-2.1680543120590907,1.0
-1.7758119184630214,-1.8168889203699605,1.0
-2.0062704781892444,-1.9648017850073654,1.0
-1.6167005312634726,-2.1774714166507492,1.0
-1.8358707856489886,-2.0606577957301684,1.0
-2.0653043609681663,-1.6703669444038429,1.0
-1.752375095303591,-1.7559471091998085,1.0
-1.6083563578537012,-1.9936988475101722,1.0
-1.7954141086115107,-2.0930800269780367,1.0
-1.9027500942534674,-2.0390429163103052,1.0
-1.9709012105021846,-1.8214528923689259,1.0
-2.2454662049700418,-1.3722838172943619,1.0
-2.3018052144499106,-2.3642565838363199,1.0
-1.6525667379499795,-1.7625011918111193,1.0
-1.8127640548843535,-1.811496347220716,1.0
-2.0036740318540742,-2.2691763114457495,1.0
-1.9772586325418822,-2.2031485134536335,1.0
-1.7074640799746748,-2.0441172144506417,1.0
-2.2476491590377536,-2.096415752495898,1.0
-1.8761205637173126,-2.1691173658411924,1.0
-2.2466661186699293,-1.9268938365524264,1.0
-1.9265100286673831,-2.1520829526113388,1.0
-2.1413114916854967,-1.9303850187927092,1.0
-2.4344253024491973,-2.4222391323129666,1.0
-2.215533266375731,-2.064034145513554,1.0
-1.9067277303205987,-1.5573931349151344,1.0
-1.7427021130393943,-2.047981558989028,1.0
-2.0057048623708065,-2.3007588093913425,1.0
-2.005553940797717,-2.0865975916760413,1.0
-1.9031844318985731,-2.248169283065697,1.0
-1.8441960457276483,-1.5401783260992268,1.0
-2.0326280445370575,-1.8794864833703175,1.0
-1.7929568024866662,-2.1203661415657509,1.0
-1.9327722554568749,-1.9962222797654616,1.0
-1.9706971704353504,-2.23190293515664,1.0
-1.9926469477223172,-1.8506005126263652,1.0
-1.5646569176614875,-1.7122187521744379,1.0
-1.3540452627465331,-2.230204268866415,1.0
-1.7383038089837966,-1.9449973982784945,1.0
-1.3430591200346984,-2.2424894856065456,1.0
-2.2519165526542326,-2.1798177936332066,1.0
-2.6371687172929419,-2.1577265065042281,1.0
-2.2277397984661094,-1.9548818640571377,1.0
-1.8974732072668521,-1.4371487482352343,1.0
-1.7148728485441849,-2.1730710966987208,1.0
-2.2695244014045075,-1.8524242485480482,1.0
-2.3960699621061927,-1.4505623702436941,1.0
-1.646167963783614,-2.1407526956314116,1.0
-2.5139403587272633,-1.5938382877503763,1.0
-2.0343619535757855,-1.6286551064079615,1.0
-2.4783282976383099,-2.1798125068861318,1.0
-1.998426890084545,-1.9859058218705774,1.0
-2.135019641443773,-1.8131450202957504,1.0
-2.3202861288147782,-2.042713845506388,1.0
-1.9639113104864303,-1.8456683497823754,1.0
-1.786515536573333,-2.3373926275513606,1.0
-2.4602342512206867,-1.6166969534304472,1.0
-1.9003057964061225,-2.224545960966966,1.0
-1.5346544073432431,-1.9652976097121424,1.0
-1.6462108447808521,-1.9797444555769672,1.0
-1.3817756225354039,-1.4733977472670388,1.0
-2.0746892445437219,-1.7085287147136934,1.0
-1.8063872151244558,-1.5894105327402954,1.0
-2.2894770381740313,-1.7941845620004682,1.0
-1.6824726539451236,-2.5276218459269342,1.0
-2.3549775537997326,-2.6117696533280301,1.0
-2.0808220503333672,-1.7847373232612114,1.0
-1.5492928843711917,-1.9777715658740675,1.0
-1.5114153363286125,-2.4140304374644672,1.0
-2.5110147318065463,-2.0166643096689856,1.0
-1.8847803653182078,-2.0098084244282277,1.0
-2.6202326300119632,-2.0267360118538367,1.0
-2.3913408501514559,-1.7990982353509886,1.0
-1.8900205261709455,-2.2819639358982067,1.0
-2.1541600752010082,-2.3177640565666855,1.0
-2.0188037291819514,-1.7134573038496286,1.0
-2.2957178139006631,-1.8487860453446467,1.0
-2.1590772855117324,-2.2378618496787031,1.0
-2.0321091079863676,-2.3105726967258122,1.0
-2.1660947916041544,-2.3593633677766546,1.0
-1.4105824601250831,-1.9894209344084814,1.0
-2.2099176523977757,-1.9358060267797335,1.0
-2.0336984149072488,-2.0662908798599671,1.0
-1.8157499899869725,-1.7727476869858085,1.0
-2.1591503442831583,-2.1727454721934039,1.0
-2.0825155091454932,-2.6905763494206756,1.0
-2.4545573186595657,-1.5899377197666427,1.0
-1.506509685949615,-2.0747108118669133,1.0
-1.8270329110832702,-1.9066249536369391,1.0
-1.0763357574634287,-1.6641275265696269,1.0
-2.0383752774442301,-2.2866621321801279,1.0
-2.4819338960772717,-1.938960909239833,1.0
-2.2269052235852911,-2.4266761128793024,1.0
-2.1939718652727578,-2.3244644010843185,1.0
-1.4938575094782305,-1.7355080729151648,1.0
-2.002391792394985,-1.5560167583329922,1.0
-1.9767895077057145,-2.2583852603984793,1.0
-1.5430627768191028,-1.8383269868946024,1.0
-2.3111738462979368,-2.0571016034250826,1.0
-2.2626854760154274,-2.4148399192893009,1.0
-1.7221467357405076,-1.4271750078589609,1.0
-2.4195702721457422,-1.8311092289928288,1.0
-2.1951927707365479,-2.1461376151294087,1.0
-2.1777181772716609,-2.2591972309039448,1.0
-1.9854435116165519,-2.2492850349233113,1.0
-1.9188629522660483,-2.0150714328347412,1.0
-2.0716844140599231,-2.2722690986124792,1.0
-2.1730313991704997,-1.7733826322522732,1.0
-1.8497248437126859,-2.2932665734395652,1.0
-1.9702003083712323,-1.7745838629884634,1.0
-2.5008215843364114,-1.8369919422860195,1.0
-2.1987871276837541,-1.8288203994220522,1.0
-2.2289777469627552,-2.5414646301993558,1.0
-2.4882627313649488,-1.9855745160015854,1.0
-1.9220832494835554,-2.2712949875313226,1.0
-1.8084222623667878,-2.4984560186806881,1.0
-2.019823939594195,-2.363304859928737,1.0
-2.1955508323406479,-1.9857803986050757,1.0
-2.2581240095851856,-2.1153666632689476,1.0
-1.6981121572356679,-2.1730675608569445,1.0
-1.7492923663804576,-2.3389120563972856,1.0
-1.8410587466254151,-1.5675294138026299,1.0
-2.7414933500381866,-2.2390685766411429,1.0
-1.826878361845838,-2.0609136158128978,1.0
-1.8886562379886074,-2.181195556014746,1.0
-1.97402306375813,-2.046703170617624,1.0
-1.6496653815020579,-1.9236737470096361,1.0
-1.8987192013774394,-2.1235630898367401,1.0
-2.1462818672217479,-2.1297674563458862,1.0
-1.881664357286511,-2.126295344246079,1.0
-1.9130675429310762,-1.3773797604063684,1.0
-1.7386625889704923,-2.0978070596503522,1.0
-1.6396358233508166,-2.1224226119064653,1.0
-2.6114373605533561,-2.3024258932752213,1.0
-2.5612375763077568,-2.1054540452123924,1.0
-1.9944744862431345,-1.4970688063174151,1.0
-1.9019217878707513,-2.0657301586426593,1.0
-1.7511783256449533,-2.6633405927023657,1.0
-1.9293156325674303,-1.7687404418339099,1.0
-2.4435758737339524,-1.6568737870379213,1.0
-1.8984510777516759,-2.1245863741702404,1.0
-1.8101654401681146,-1.3187921426586813,1.0
-1.9454401234824514,-1.9255338241098992,1.0
-2.1378082698620733,-2.2549533108394373,1.0
-1.7508992550367264,-2.25682514777266,1.0
-1.9785301288341823,-2.1432972340295349,1.0
-1.8563060522760824,-1.8999013684139154,1.0
-1.6887380167226302,-2.153004919656424,1.0
-2.0809624805880116,-2.2936291147346921,1.0
-2.1332879780228335,-1.8868098520865444,1.0
-1.7729034150063945,-2.2766495972532876,1.0
-1.7391182239683021,-1.5933086423585148,1.0
-1.8759695290328897,-1.4369612562325802,1.0
-2.232136759731072,-2.3733964109934251,1.0
-2.5336160746712837,-1.5511867065532452,1.0
-1.8036903030937828,-2.0166754012731367,1.0
-1.9160094121040538,-2.3376467141895128,1.0
-1.266274406114952,-1.9612336454074317,1.0
-1.9671815616185322,-1.7822700128303923,1.0
-1.855697230478986,-1.9328347927162606,1.0
-2.2371423366335934,-1.8585594928592013,1.0
-1.4353926510574899,-1.5963739861535067,1.0
-1.5220440120081808,-2.1533647029293554,1.0
-2.2968814460775744,-2.0377360760298946,1.0
-1.9832825263133915,-1.6717425444587155,1.0
-2.5077393889144459,-1.5411349041618159,1.0
-2.0474023695736969,-2.128064320984226,1.0
-2.3036313125780503,-2.4964570015597309,1.0
-1.7530488248114255,-1.9780046098434789,1.0
-2.3869882699223162,-2.3885236316190848,1.0
-2.1007354097870383,-1.4992935424131821,1.0
-2.0778774054090814,-2.4509428859354321,1.0
-2.0737229192257831,-2.0818170709243011,1.0
-2.8090659928824717,-2.0162884599553434,1.0
-2.0692803590626032,-1.7911380905559744,1.0
-1.4453131715163965,-1.6620304911356727,1.0
-2.080666607166449,-2.3319577726225011,1.0
-1.2279920590250419,-1.9822344697956535,1.0
-1.9958212124261161,-2.0072375261330011,1.0
-1.9405745717696434,-2.0433081235771828,1.0
-2.1720986020640707,-2.1640576823721176,1.0
-2.0098259810647994,-2.1630274313401294,1.0
-2.2138537348031493,-1.968070931692431,1.0
-2.0764931652262564,-1.5488021034251935,1.0
-2.7952909425179033,-1.6725479444232616,1.0
-1.6261744422507114,-2.6220170697224447,1.0
-2.1028062782241048,-2.1114322597987374,1.0
-2.4222535084153463,-2.2333450062772626,1.0
-2.3331727536397486,-1.4743188669729133,1.0
-1.7192964820557617,-1.6185334715017523,1.0
-1.7834983807870295,-2.3387155313651689,1.0
-2.157356079883932,-1.8531876316316245,1.0
-2.3666383426675837,-1.7861004709482835,1.0
-2.0720976194474403,-2.1124462422648791,1.0
-1.7867120095389526,-1.8667210065541882,1.0
-2.1082898497457241,-1.6522010589907257,1.0
-2.3243189982799692,-1.8152193179167209,1.0
-1.8220696226094848,-2.0928639317941973,1.0
-1.9021600933273646,-2.375334072915591,1.0
-1.7227918942379297,-2.0554706409328967,1.0
-2.1568169061557119,-1.6852972322489332,1.0
-2.211303107162828,-2.4225383889090679,1.0
-2.4669887520571709,-1.8181970145963082,1.0
-2.384128805748885,-1.4735617454046905,1.0
-2.6245788223651165,-1.4910630895129886,1.0
-1.9366947598392146,-2.0290139335611177,1.0
-2.1634757260426851,-1.8802591656943788,1.0
-2.0112904107274545,-1.6690094353950435,1.0
-1.9657317054013881,-1.9549094715614368,1.0
-2.1090836636641566,-2.0170836871163202,1.0
-1.9076594693323823,-2.5130505177969877,1.0
-2.4044556266317141,-1.7770207717931856,1.0
-1.9487403685616174,-2.0551950009058038,1.0
-1.9944698200803821,-1.8957254883914987,1.0
-2.1619279040928086,-2.2334914176206939,1.0
-1.9412464234706954,-2.2935118332845095,1.0
-1.8775241732856585,-2.5107750812713521,1.0
-1.691253308802307,-1.8582207552760872,1.0
-1.9231910797058374,-1.7051927048163458,1.0
-1.5003576666612271,-1.695688980494561,1.0
-2.5522622693994936,-2.3838730900207104,1.0
-2.1874455733087035,-1.9921726849367498,1.0
-1.844702293859263,-2.2177231439460399,1.0
-1.9439699706568765,-2.2266148797059966,1.0
-2.1834553408975843,-2.4219983290544667,1.0
-2.2769699738332712,-2.4055053816848999,1.0
-2.2927619758931996,-1.6839074610176481,1.0
-2.2848196666495828,-1.2102853805487828,1.0
-1.8520046297357333,-1.9445491628915379,1.0
-2.2575073340543641,-1.7899070361773026,1.0
-2.1726913478713321,-1.9633970556063916,1.0
-1.2319746385193615,-2.0288179699173949,1.0
-1.6552180021142973,-2.2109529275377664,1.0
-2.0104965471490885,-1.468759809309347,1.0
-2.1880901173363303,-1.4562654326009215,1.0
-1.7876744193633574,-2.1687400327682802,1.0
-1.8102776782833436,-1.7082336651119809,1.0
-1.8134570113348412,-2.4710674159671369,1.0
-2.2181411527474606,-2.0742555906654516,1.0
-2.0223300287300141,-1.8137983707347967,1.0
-1.9466896997200238,-2.4006033076130304,1.0
-1.885940644698211,-1.816824276414853,1.0
-1.8320628656206881,-1.6757657823336134,1.0
-1.7498233536353287,-1.8622459762314689,1.0
-2.021049713437594,-2.4982882800547976,1.0
-1.8711145342602242,-1.9376936938510667,1.0
-1.918526348841388,-2.383024572746093,1.0
-2.3243169621224786,-1.6840541440001289,1.0
-2.0118665461569964,-1.7955497907882128,1.0
-1.9915044871608616,-1.9910731581512764,1.0
-1.7185148582072007,-2.1548134184652121,1.0
-1.9711637669177049,-2.1386825866115129,1.0
-2.1303488682296945,-2.0927516370405916,1.0
-1.9333598685098861,-2.1436245864990431,1.0
-1.6232731623279437,-2.268382190665851,1.0
-2.0560614932484076,-2.1319193174822524,1.0
-1.5659066346938801,-1.9410335670465275,1.0
-1.6904466381594094,-2.4456681119110915,1.0
-1.9198849202392223,-1.7331107613129688,1.0
-1.9753148032173728,-1.6803558874803945,1.0
-2.1551865350301118,-1.577195767944326,1.0
-1.310330562914225,-2.1088515681318976,1.0
-2.1336507564202316,-1.5639846568646898,1.0
-1.5261283562807864,-2.1568580081459805,1.0
-2.1260560451287573,-2.0845353826581521,1.0
-2.4033351533102829,-2.2755955839452593,1.0
-2.3012422300256201,-2.2303392695312385,1.0
-2.0104054662160342,-1.9297355802390437,1.0
-1.534849852155777,-2.2995062122216372,1.0
-1.704703280457025,-2.0641966532676528,1.0
-2.0148391128957299,-1.7975541523500189,1.0
-2.3368166064686897,-1.8852770761447848,1.0
-1.9500643375360831,-1.8522646207975553,1.0
-1.9132494068276547,-1.2634099580267317,1.0
-2.1913219952753948,-2.1592990865005453,1.0
-2.1869421579274295,-2.1666431357480764,1.0
-2.1912161381919555,-1.6432950406677345,1.0
-1.5738487256030436,-2.1712238881248429,1.0
-2.2497066719312686,-1.8585753330840789,1.0
-2.1656669132842912,-1.8101204546733467,1.0
-1.93912309374461,-2.4547232344991694,1.0
-1.5357484396009815,-1.4612366980713434,1.0
-2.1838366071453157,-2.1163104679807954,1.0
-1.9142403827825285,-1.8996629630038926,1.0
-1.8024367181981509,-1.396938638370095,1.0
-2.0530841682482146,-2.2394891733615361,1.0
-2.4137957684043583,-2.2192790119825756,1.0
-2.0099380918621392,-1.4616326409446638,1.0
-2.1552833897108514,-1.9328636145083304,1.0
-2.0049268688218258,-1.6434820179655749,1.0
-1.2419202722379135,-2.1592606318760961,1.0
-2.1468318327554665,-1.6867517368792784,1.0
-1.7954325531121067,-1.4459878022791899,1.0
-1.8248215444022109,-2.1077876272361178,1.0
-1.8228035507923073,-1.6673889258251278,1.0
-1.7538553456407908,-1.8478177906678106,1.0
-1.6799975931232538,-1.6492113228662981,1.0
-1.5853523026887419,-1.8053870337231073,1.0
-2.0501354240950564,-1.9559858940700032,1.0
-1.638047310047493,-2.2450807012961707,1.0
2.1106019926618704,1.8819983563017919,1.0
2.0086234468804451,2.3835355587821896,1.0
2.0573297204059711,2.0139309644468448,1.0
1.5920431577060241,2.2238760698081661,1.0
2.1936452543423228,2.6489764169916379,1.0
1.9076665295140998,2.0657450982991818,1.0
2.0748151051132266,2.4732359839290421,1.0
1.9714113402839144,2.0837064577311017,1.0
2.1823689529149619,2.0559827369469073,1.0
1.8660699156348415,2.0582269978694923,1.0
2.3220895249579314,1.692045410176682,1.0
2.0398909022440628,1.7899637555182482,1.0
2.3585139886774527,1.5430439285648676,1.0
1.8323234458185236,2.1131635625193561,1.0
2.4696572087703021,1.9802749216781037,1.0
1.8334401419920405,2.5643471208321769,1.0
1.5655958298751269,1.3403582130139755,1.0
2.1320043350159996,1.8493837326942166,1.0
1.6936301548607862,2.2125069341898058,1.0
2.0731402141313597,1.8307764107789815,1.0
1.6159086803987317,2.2617371984840435,1.0
2.1950603533875981,1.9702472408661851,1.0
2.5539910988142998,1.6789745701021541,1.0
1.5423424487225783,1.7924275790356268,1.0
1.9863241950933506,2.0730018347968073,1.0
1.9276291826431011,2.1056166189542891,1.0
1.6245381727428667,2.4331293812219776,1.0
1.9753546464822294,2.3351887494764383,1.0
2.1028176039133113,2.137025965746135,1.0
2.1709301840696611,2.1343125680051944,1.0
2.1928168279602631,2.3987457590397296,1.0
2.0589563509104409,2.2127011272765538,1.0
1.973079291713832,2.4320351646348417,1.0
1.797082309382219,2.5402821298732445,1.0
1.987952614806697,1.5707674693645854,1.0
2.0384313244732368,1.7956845027575357,1.0
2.2521930646966171,1.8042128062092828,1.0
1.8661449700355661,1.4331377807163408,1.0
1.8643081042252769,1.2728362020113129,1.0
1.524829152954283,2.2281243968432891,1.0
2.2357400475952498,2.1276372685354894,1.0
1.7099071570612361,1.9856865931574061,1.0
1.9989192382728296,1.6524905932422371,1.0
2.451019490530145,2.2632086871727015,1.0
1.9337107478511009,2.0080657516983593,1.0
2.0625148423842656,1.3874795394727129,1.0
1.925846785243821,1.7954047256006604,1.0
1.6995139970315254,1.9156699121342136,1.0
2.5393059580548565,2.1922528583801029,1.0
1.828646303065161,2.1717748344068477,1.0
2.4198066309758008,2.2773901048738305,1.0
2.0178891109760522,1.8059189666883277,1.0
2.2094669940840768,2.1180456156265248,1.0
2.2685579660083195,2.190551540504591,1.0
2.3148658145958008,1.8394294365318296,1.0
2.3952182196902978,2.0592798814077198,1.0
2.6225782617875795,1.7932436545731296,1.0
2.5207891409495748,2.0593732350387945,1.0
1.8045745989156654,1.8548342497837036,1.0
1.9038958075417041,2.1272497839205751,1.0
2.1568506464106498,1.8278899988184263,1.0
1.9926936223217051,2.642681107583559,1.0
2.5182629510302132,2.1308971009022097,1.0
2.0114010434504599,2.0360093980154783,1.0
2.184055391819125,1.6931622304404783,1.0
1.9227870387729964,1.4994247778367233,1.0
2.1197669367815837,2.1941587819108221,1.0
1.8550440613101877,2.47219602898701,1.0
1.6322703010992976,1.560687535937054,1.0
2.0673355455679916,2.3141294907836465,1.0
2.5051783074373608,1.862334721139318,1.0
2.3236042500293888,1.9884474591497878,1.0
1.9482118100177541,2.2650979812460017,1.0
2.1956968635240259,1.5270823529047253,1.0
2.4429621049177688,2.4140274062442355,1.0
1.8123311895471412,2.1187410600312226,1.0
2.1482090558848217,2.0782021297471722,1.0
1.834908453846374,1.7985129896185845,1.0
1.9923337787025663,2.3518187057778093,1.0
2.1630800463783295,1.8888157003741681,1.0
2.2315096131945036,1.1454372138109774,1.0
2.3446297101116311,1.4780858663665701,1.0
1.8912677175790604,1.6640990316121569,1.0
1.6115955572837284,2.3482480362135556,1.0
1.8596896396064326,2.1039511645192146,1.0
1.9859238263362449,2.1431122481669362,1.0
2.0230465673180764,1.6151023327434291,1.0
2.2988800458341418,1.8518730250516062,1.0
1.5330254304020747,1.8715654517102263,1.0
2.4502279371902933,2.2550665226340478,1.0
1.8954043596776422,1.8952226887044714,1.0
1.9035094846347853,2.6230243950682524,1.0
2.1145806356694661,2.1290124941573207,1.0
2.3090850362095527,2.071636747707954,1.0
1.922287356253789,1.9410950452745066,1.0
1.9785196221757808,1.9888333290470475,1.0
2.218288863091094,2.01558376574219,1.0
2.2197920231646737,1.9757850259674252,1.0
2.0235905570948272,1.4005397946403677,1.0
2.2748983024107443,2.103946542769398,1.0
2.2994030329578958,1.1311233865418933,1.0
2.6265124114342182,1.9581231115534479,1.0
2.332454845021255,1.6880282218623408,1.0
2.183832171518771,1.6839753310479031,1.0
1.8128693117912584,2.574209406160036,1.0
1.942795279770996,2.0652298619539167,1.0
2.2610203192066263,2.1487045663917814,1.0
2.0451256715430728,2.1094883007398675,1.0
2.7210246755714826,1.9827143608899245,1.0
2.0603297140144901,2.3151963188022835,1.0
2.331657779887395,2.356109091668114,1.0
2.1916190666087552,1.6570985261808548,1.0
2.4900294596903287,1.6560963820943937,1.0
2.09079063957171,1.7737172449941927,1.0
1.9807584960221023,2.0986287230910441,1.0
2.0964071646350817,2.1265762262705854,1.0
2.4841133807175941,2.1360602904541941,1.0
1.9267530094128054,2.289226150486507,1.0
2.3568411466773922,1.6317176554589023,1.0
2.1792200209549573,2.2103518226932697,1.0
1.9107309489920024,2.4127120439934857,1.0
1.9549833238902421,2.0376729360414627,1.0
1.9480784527148391,2.0046737142744404,1.0
1.6711174739314394,1.5679847352217118,1.0
2.4783515189674916,1.7459115955045017,1.0
1.7025822951631078,1.3539829659188856,1.0
1.8083114756931493,1.6030730619777505,1.0
2.4926045480409105,2.3029451268027903,1.0
1.793554896446683,2.6757307416032927,1.0
2.2945296460974784,1.9025505849474134,1.0
1.250178285537928,2.6872827717772223,1.0
1.5831282599709211,1.5063803759129324,1.0
2.3067711296028919,2.7319257219017818,1.0
2.4152818455531553,2.169172736015708,1.0
2.1784263024995858,2.2560246676340925,1.0
2.2276785769360297,2.0843574271908127,1.0
2.031260331185563,1.9812220616301432,1.0
1.7738106233399971,1.9157974769399677,1.0
1.4921129557413844,1.970498111961575,1.0
1.7034226678547248,1.6689232048352687,1.0
2.0539682453460437,2.4176006859033796,1.0
2.2754949818006938,1.5288498189130468,1.0
1.7031115590288988,2.2822313563964647,1.0
1.7052537819385072,1.9326100550008927,1.0
2.1650156297073657,1.7094966635409095,1.0
2.0316126518437878,1.5997923515245387,1.0
1.8195897068146358,2.0959345802427611,1.0
1.5221018799404993,2.1321424213881195,1.0
1.9941086603219957,2.1657469863251442,1.0
2.0671742402193982,2.4092421289921533,1.0
2.0375673507943723,1.871178337662424,1.0
2.036689250909685,2.1629894087109163,1.0
2.0146580210977114,2.0121775073611645,1.0
1.7894024936579733,1.8011297247347156,1.0
1.5792184184600919,2.5248730229560818,1.0
1.6268410293826145,1.7921284406612279,1.0
1.7844778203292408,2.2684773130833324,1.0
1.9115150965123917,2.3743226218021203,1.0
1.7979528127268394,2.0836982486671407,1.0
1.7493958840220727,2.6435447383320163,1.0
1.6437204742911462,2.0929462130681085,1.0
2.1901330642796295,2.1241397292354494,1.0
1.9444137023366874,1.961053790079972,1.0
2.013143441593733,1.9558993995114533,1.0
2.289163735038473,2.6631569004774054,1.0
1.8327524644976498,1.5890591061262767,1.0
1.9735153854946235,2.7739128012962957,1.0
1.7588976296090808,2.4917350416332202,1.0
2.503310244222932,1.8339235274876016,1.0
2.1706949237555824,2.4885189869385616,1.0
1.886261677703754,1.9389258919692915,1.0
1.825495725815407,1.69557298079214,1.0
1.8052167364801979,1.6328179199713231,1.0
2.010225040477768,1.7690080306824074,1.0
2.0701357735372241,1.5332313061389118,1.0
2.0992640696643372,2.2500586884826772,1.0
1.4018793072285634,2.1122169709542717,1.0
2.3683006977419878,1.6371076943926384,1.0
2.5017717160513109,2.1257057028098134,1.0
1.7884964432724773,1.9832692767026883,1.0
2.1674980737565166,2.0228016174237236,1.0
2.161626797733911,1.7237979220761901,1.0
2.0508082472108233,1.575885650928506,1.0
1.96663218159539,1.7288277075605631,1.0
1.7793410172230701,2.3708279525631313,1.0
2.3273930361782806,2.1827414362721531,1.0
1.6723061705982263,1.9050774650915594,1.0
2.3639293099937548,2.0425150740919715,1.0
2.6957988619945081,2.1179953518183114,1.0
2.0576147349470095,1.9072650607392496,1.0
2.0400622714346848,1.9542590490858369,1.0
2.2124326030065773,2.2870106950383753,1.0
1.7642031618476151,1.6006301139326666,1.0
1.4491383880690112,2.152397398073763,1.0
1.6689900181478379,1.3541328221142552,1.0
2.1165735813592894,2.747899855229837,1.0
1.998178726538032,2.2515472323354926,1.0
2.0245488075642695,1.9703331040426573,1.0
2.2757229448963305,1.9129176367434046,1.0
2.0802176942215711,2.0965093418588041,1.0
1.7995728639070854,2.2976127048609567,1.0
1.9475120729913775,1.7732764521521467,1.0
2.1609529530711211,1.7304596054626888,1.0
2.0084543472107383,1.997264301006739,1.0
2.3257686697494733,2.1424094698639857,1.0
1.9924919123764568,2.245329889760086,1.0
2.4170622647051938,2.1673430919055585,1.0
2.0031057859530144,1.6064491302949522,1.0
1.6804659010773881,1.9084325886935998,1.0
1.8171463393522151,1.9439086091043662,1.0
2.0169949774691323,2.1589078263070194,1.0
1.9788503665822725,2.1459504931478603,1.0
2.019342324443036,1.4073600300938387,1.0
1.7181993818543737,1.9567737332835153,1.0
1.6370915771476677,2.1799786189988613,1.0
2.4592252497031093,2.3656285555091952,1.0
1.9359671387209376,2.4472178410549854,1.0
2.0446002371606333,1.8988742086645882,1.0
1.815979200937718,1.9092590940535614,1.0
1.8835469544376313,2.0511248667126463,1.0
2.0481721943149593,2.0009138060460243,1.0
2.1310814509239049,2.3571938824359022,1.0
2.2848662406323972,1.5545306094650289,1.0
1.2338236595294134,2.280295973371782,1.0
1.5899363904753736,1.9325703794321949,1.0
1.6489660921821923,1.4594058687259941,1.0
2.1624388184614363,2.2277465480907939,1.0
1.8270468797819841,1.2226873123565269,1.0
1.8361266655242552,2.1175412016207638,1.0
1.5563265293677615,2.0550079759337465,1.0
1.9954070452481014,2.1737874498803267,1.0
2.0358741105242459,1.7080793177355333,1.0
2.3589714504993475,1.952441128091909,1.0
1.9918086381470204,1.7200196122780411,1.0
1.8670153246425469,1.7345591857919298,1.0
1.9481161820229731,2.5135125440427029,1.0
1.5884296571205931,1.5159315806369777,1.0
2.4413510982480826,1.9372028968544401,1.0
1.7992781784020251,2.3119714062188228,1.0
1.8183153380789407,2.5478029140640808,1.0
2.2033777614017809,1.8536265775562892,1.0
2.6471924639796511,1.8182855230989985,1.0
2.2226286116027922,2.0897877741219477,1.0
2.3905223868196392,2.468453359018056,1.0
2.0096012447197298,1.773974638896145,1.0
2.1379916428817349,1.7966853890743681,1.0
2.6040161742579868,2.0409605993248214,1.0
1.8904035346063675,2.0554040917594727,1.0
1.5958621131410911,1.7085157884468045,1.0
2.3601241723833275,1.8029317163085814,1.0
1.6859267051954181,2.1609958257581861,1.0
2.355711246398899,2.2156859931995201,1.0
2.2988143057417449,1.7729614734291617,1.0
1.5734567999774469,2.4504000955866458,1.0
1.9031960483473593,1.9247500950634857,1.0
2.3984582425547174,2.166869002820198,1.0
2.1367663316244823,2.6495007034703253,1.0
1.8069445308859571,2.2783520384243712,1.0
2.0171039374691255,2.0805776836589769,1.0
2.4585405279237595,2.1523507268868869,1.0
2.1614888237148899,2.3217522011929406,1.0
1.8905141811371344,1.7482370997982981,1.0
1.68655724179369,1.4100930231871995,1.0
2.6168621389820967,1.669037490283495,1.0
1.9336239129242685,1.9169560100333238,1.0
2.0922220093427302,2.2447211637617892,1.0
2.2581420465079236,1.8250767684293185,1.0
1.9498634858640767,2.0847739851464899,1.0
1.9253926621449358,2.4822036728059977,1.0
2.1472924854914752,2.2204633358149453,1.0
2.1988643806002237,2.3520421572455974,1.0
2.054306467611112,1.6109504156132459,1.0
2.1199063855257925,1.8045929318624512,1.0
1.8414149954750729,2.1759092056265281,1.0
2.3714849214300906,2.0063814730208187,1.0
2.0926499037796891,2.5106644833905714,1.0
2.0722259538465706,2.7805049342541186,1.0
2.169652893689463,1.4717711722532547,1.0
2.2260024863313599,2.1143475154648335,1.0
2.3869258262248239,2.2019544053809876,1.0
1.9584632048048678,1.6327105291131903,1.0
1.9372930228141925,1.7448438637372099,1.0
1.8258429650585832,2.176573521326183,1.0
2.5009713513054219,2.1184014589468942,1.0
1.6412350813894447,2.1333808004660422,1.0
2.3589894459936955,1.8170651287041855,1.0
1.9597948499981246,2.0044064584187593,1.0
1.764530506075328,2.1944841301531577,1.0
1.9637155554176655,2.1258597331721085,1.0
1.7337523466593701,1.868762509902977,1.0
2.2167144073483316,1.8881500543724699,1.0
2.5180891553700215,1.8801091443156193,1.0
2.0674054177255656,2.2797772495619268,1.0
1.5744902801200906,1.4717573564057673,1.0
1.5423031056289715,2.3787752310281545,1.0
1.8344425562322659,2.7674597857004759,1.0
1.8307257204027834,2.055365390959111,1.0
2.4626329857703628,2.6018278664477368,1.0
2.6184510729909194,2.3625098691779427,1.0
2.3072187577434389,2.177758084760355,1.0
2.2335083228499912,1.83464428510144,1.0
1.7545403349733077,1.9989876627767145,1.0
1.9489446132425214,1.8640315852018174,1.0
2.2089162342370146,2.2865915625711533,1.0
2.026522065887554,2.4432590243165784,1.0
1.6574932657599484,1.9419021622160846,1.0
1.7849533038191585,1.4400390148780819,1.0
1.9751957942471903,1.9634757474850149,1.0
2.4540349229726393,2.1892435053664334,1.0
1.6927439527012385,2.5562277699002562,1.0
2.3663101086576059,2.1746293110405848,1.0
1.9320547703450504,1.7121682289829561,1.0
1.8883379671786842,2.3266245859112558,1.0
2.5653758917803828,2.4629730584816567,1.0
1.8533451734641178,1.6641147700132968,1.0
2.0422658740733612,1.4694681903311446,1.0
2.0969503142554347,1.9557192241103993,1.0
1.8601890494395272,1.5215890798199614,1.0
2.1540800319709148,1.8401897481014267,1.0
1.6490249492869136,1.1383213360155051,1.0
1.9917455284848091,2.5316754790009233,1.0
2.4983777643643608,1.8628711230241184,1.0
1.8193363818914658,2.1406322768225072,1.0
1.7004843682435125,2.0905375699458397,1.0
2.2298240835154068,2.3680799671652921,1.0
1.9699537770560143,1.9388978749469103,1.0
1.7366052239730316,1.751935893788042,1.0
1.9320563324295419,2.1102096520448534,1.0
2.2740753878699747,1.7590463147958966,1.0
2.4478065706878565,1.9186629196872294,1.0
1.9935898116954691,1.775836496255653,1.0
1.2727279219181176,2.265213618908315,1.0
2.22105316912773,1.9156017328645361,1.0
2.0200972151674614,2.1547817653112298,1.0
1.5312362429340372,1.8412841967961115,1.0
2.2382794038865481,1.6237131730492251,1.0
2.0880673796499889,1.5930254586129786,1.0
2.1399289947300577,1.9893075553107549,1.0
1.515460455228347,2.3494218063371513,1.0
1.7796225269605852,1.7569242688956856,1.0
2.0601707591692828,2.3445912048286144,1.0
1.695253454306481,2.0185039549543915,1.0
2.1286449500991718,2.2079316821789434,1.0
2.0529324665831674,1.8898916482750032,1.0
1.7517229338053841,2.0258431649139124,1.0
1.678358296404318,1.1235948549516177,1.0
2.1309679412473002,2.2711804523258587,1.0
1.2911202693374486,1.6970807885870187,1.0
2.1857462783015595,2.6172486409135098,1.0
2.0062381123026225,1.7815991176312598,1.0
1.945131067668548,2.4124629257444554,1.0
1.8062107462626393,1.760242398004924,1.0
1.8551769433453902,1.7140014175223863,1.0
2.0368010947984385,2.4874035375408683,1.0
2.0969237819348088,1.9242939493621136,1.0
1.9124566193253367,1.531042757391003,1.0
2.2649329331441477,1.9766488408961593,1.0
1.9458560259228124,2.9579322703534583,1.0
2.0896258725097057,1.7744626849714447,1.0
1.8720927211383369,2.3445337127590262,1.0
2.0339811231613294,1.56851660650479,1.0
2.2757686803725612,1.7995567743383019,1.0
2.5619893328652639,2.3240144197143944,1.0
1.8658034313023746,2.3843049085205337,1.0
2.0203566531582209,2.2558321025366657,1.0
2.1454198451883424,1.746093003502738,1.0
1.8069350503047614,2.3089882452743482,1.0
1.8995674003680378,1.878905461027401,1.0
1.7134632261951941,2.1270797196780382,1.0
2.6187574757729433,1.6797401257237181,1.0
2.0072658370018273,2.4236661666246286,1.0
1.9761075826262855,2.1357115388749204,1.0
1.6812819415559361,2.1284921291622947,1.0
1.9438567204986354,2.295718998703959,1.0
2.3562158154694255,2.7768690926055841,1.0
2.1738899519640729,2.09773889497465,1.0
2.0583152904732009,1.8940501121567934,1.0
2.1015451530385074,1.9113795769582911,1.0
2.0505382928808844,2.3952792606823881,1.0
1.6980372304161078,2.3419635683387137,1.0
2.3951345202019594,1.9645794419026763,1.0
1.3634435302974217,1.8176534038716703,1.0
2.3890983639683325,1.9931395813103354,1.0
1.7002093303115267,1.8485675236315349,1.0
2.2521860079513658,2.1640200704604138,1.0
1.9283203702490916,1.8899526764555938,1.0
1.8824725552868535,1.7232769446504492,1.0
2.4846127068408324,1.9033038592365981,1.0
2.3651475562476492,2.4563948155767354,1.0
2.2994932694443881,1.8705139061845855,1.0
2.121119027100983,1.9927413180827251,1.0
1.7288894417809615,2.0973077845164809,1.0
1.6462880626520593,2.3563038165384693,1.0
1.8606148108104821,2.0603478967618516,1.0
2.0849863614638426,1.9223285078887768,1.0
2.1760081404425824,1.8575289030132427,1.0
2.2613891892371734,1.5962060959259754,1.0
2.0379138738639235,2.5816786997174854,1.0
1.6999006026183276,1.7966765088425445,1.0
2.1541723548976743,2.0538745345818792,1.0
2.1051890297820677,2.1467561390442991,1.0
2.1904164405685309,2.3329099525868671,1.0
2.1229455970785538,1.9276227036144373,1.0
2.2017721103608192,2.5699645804685645,1.0
1.960209876085228,1.7076412085988075,1.0
2.3321242007860921,1.9638856508139206,1.0
1.348199136195789,2.2542265031451265,1.0
1.8394015442138232,1.9728400153087517,1.0
2.0995940991707043,2.0571499039337198,1.0
2.2128355451417119,1.869354088829047,1.0
2.1539317394528248,1.9221359967248248,1.0
2.2216431442662508,2.184610245203916,1.0
1.7193683893866214,2.3257946348525098,1.0
1.8392109664657856,2.2424173394843434,1.0
2.1101861940204021,2.5514551030385366,1.0
1.9329602052884445,1.8952049611645407,1.0
1.9941741182336803,1.9090460651497174,1.0
2.2399825705826149,1.5151068174690236,1.0
1.6838952742560938,1.6796591235262421,1.0
2.2850922775920726,2.5131840117745776,1.0
1.9686652344387585,1.9493534830429968,1.0
2.0210156489339544,2.3485634907824573,1.0
1.7217940597428278,2.0715106948204354,1.0
2.2925592889347288,2.1503282509819535,1.0
2.0568744849796232,2.3003138277701423,1.0
1.189030312100229,2.2033625958592724,1.0
1.803777295061773,1.450810130943063,1.0
2.1533607798574943,2.4120975635488873,1.0
1.9587654456116925,2.2858623641608817,1.0
2.4836834773965935,2.3944743360752141,1.0
2.4919893588114177,2.2226382473215676,1.0
2.0226300916704778,1.5194102564308496,1.0
1.9261812535610154,1.7470260214051425,1.0
2.6512828152493442,1.9472342562702991,1.0
2.0369614420353459,2.1654456128121402,1.0
2.0130807339117363,2.5085153121292256,1.0
1.8132051914796645,2.0583822365711728,1.0
1.7772588242905856,1.6039932466337883,1.0
1.8164692727284144,1.9888889608854763,1.0
1.871209332644822,1.7922737060378433,1.0
1.5781047608984498,1.9750683282113917,1.0
1.5485838877906994,2.2280167891068809,1.0
2.0247319258803511,1.5627345501605208,1.0
1.907237276885041,1.7743530783228252,1.0
2.095752353125754,2.4021351338069432,1.0
1.4374482591062767,2.0345078237442253,1.0
1.9519601613300079,2.2014020229351399,1.0
2.0639589884713065,1.7744092004783543,1.0
1.9042838193000144,1.7611922429589533,1.0
2.3228021415795794,2.0063934946015825,1.0
-0.077441035918575984,2.4271051923799707,0.0
5.9138020679888434,-4.4221305612242201,0.0
-2.7032216937657658,-1.2650870928282432,0.0
-0.9380618575340236,-1.0677470968134504,0.0
4.8913320306786581,2.5683917336022777,0.0
1.294862569088445,-2.287527385646615,0.0
3.8854846106555367,5.4607261378198668,0.0
3.8543793906027179,-5.9812187377023251,0.0
1.6368164422008844,-5.3863754226947913,0.0
-2.9087133559953378,-5.2857035958267398,0.0
1.2455454353926534,2.2390789619112823,0.0
-4.6261483432091381,-1.3939334034602462,0.0
-0.52516189253349577,-1.5713637388690014,0.0
-4.5476999941776839,-0.97262651775029507,0.0
3.014136573701018,-5.147908025600934,0.0
-5.037839831017159,-1.7427444979681894,0.0
5.3007085394271005,2.0228717606749687,0.0
2.1440394800707772,-1.6569601099456204,0.0
1.1239294945024607,-5.8784257916670795,0.0
1.6331525569145064,4.9594433709148404,0.0
1.3508816201378302,4.4843831215961405,0.0
2.6876766655931252,-4.5532990031557166,0.0
4.8294396874301011,-5.2026738677307014,0.0
0.40760967057316577,-4.294354514478508,0.0
-5.8595206712291512,-0.93558887846833194,0.0
-2.4595115081501251,-0.1679940744287638,0.0
0.92639864081460921,-5.4751311322926313,0.0
-4.5239604585150524,0.70370875740510463,0.0
-1.8819917619281012,2.7500818505933751,0.0
1.827499783103276,4.1472523558788819,0.0
2.3099139200307039,-0.84082707131822243,0.0
2.0755994687331878,-2.6954259089349777,0.0
-2.3242380146614479,3.4678219190495199,0.0
-0.64296580318101348,3.5805640862202299,0.0
3.8690684840193406,4.290748051935406,0.0
4.9996228300944878,-0.82817735384044511,0.0
-2.173598180146334,0.9863849591293663,0.0
-1.5459309187484696,1.2128900016027959,0.0
2.4670303517258958,2.2608602219056415,0.0
-1.5053653557585438,-3.9976775796149662,0.0
-0.8336479384535096,-4.2888702710170952,0.0
4.6811644222057005,-1.8494704711457111,0.0
-4.1464830333201146,-5.6946268811309899,0.0
1.749868635437811,1.6428278094569189,0.0
-1.9127500010245004,-5.1394573338281884,0.0
-1.0844532612572158,-2.2653900592392771,0.0
2.1254476768201123,1.2693509934322842,0.0
-1.6248752616295201,-3.3852893489401188,0.0
5.8564315938671019,-0.55198054564662158,0.0
2.2592908293628451,-4.3133643890596707,0.0
-0.1729236040872264,-5.6695593615664137,0.0
0.065461414925399808,5.5682088854124281,0.0
-1.3895194441703973,-5.532047849101061,0.0
-5.6285305089678772,-1.3441588806375666,0.0
-4.0797007624416715,-5.7197748440617691,0.0
3.0745633674021224,-0.49772389341731227,0.0
-2.5290627363281457,4.800998196197769,0.0
-4.6063324775936927,5.471025947463831,0.0
-2.2323993914717661,4.6608440677041756,0.0
1.2353145177535385,3.920488316897849,0.0
5.8081579585255714,-2.5391347461750513,0.0
5.5336258248911161,-1.3262172611709557,0.0
-1.3738571431569326,-1.9153547489459317,0.0
0.49689128817102279,-4.1502594818581553,0.0
0.64453782429613415,0.50045774892004857,0.0
3.14282175125844,4.0037995432510272,0.0
-0.71470379625091152,-2.372001007782075,0.0
-2.8879812321948664,-3.6645139595415368,0.0
-5.308229013611701,-1.8906242539834395,0.0
-2.7570276944306009,5.5970086303968891,0.0
0.69250591500052749,-1.8326755316339094,0.0
0.96561121192435184,-4.3296395838516535,0.0
-0.6714750095735651,1.5148118570527664,0.0
-0.1332260184905838,-1.1786543921481094,0.0
5.9261806667963786,4.5637771457871246,0.0
1.4808714979132809,0.83252833418739325,0.0
1.4479257578950087,-3.584254706130801,0.0
-1.2583470808281767,-5.5264856053092082,0.0
-0.29344755015807955,0.51629500749195856,0.0
-3.2670031667614849,5.5683461659861653,0.0
4.9134553312469045,2.6657188254708704,0.0
0.40063954518435096,4.439629915772219,0.0
-4.4321718741184455,3.4861175312986195,0.0
-4.5021502323978204,3.5305279505928659,0.0
-2.6907891809837166,4.5250869722182667,0.0
5.3285051259047744,-4.2144483671386119,0.0
-0.44789273921527784,5.7718485379522217,0.0
-0.19911076832224062,4.3625702701745421,0.0
1.0647782655758382,-1.4960411049647782,0.0
-2.5705973336895576,-3.5613229069669528,0.0
3.1415782965323658,-1.3615139181236655,0.0
0.13530554640901382,-0.092094239985817339,0.0
0.92734835079757438,4.3869257474946259,0.0
5.7688721230011524,-1.1089894971141963,0.0
3.9302270652756377,3.1743335358566114,0.0
0.88234741746687906,5.4725657233431981,0.0
-3.5943058136591666,-4.6888294762845426,0.0
4.2475436034650649,-0.73020220039501993,0.0
4.1636262504847252,4.7170824623449796,0.0
-5.2505088765711427,4.6015771558327287,0.0
